family,arxiv_id,year,title,abstract
pc-learning,2104.15137,2021,Tightening the Biological Constraints on Gradient-Based Predictive Coding,"Predictive coding (PC) is a general theory of cortical function. The local, gradient-based learning rules found in one kind of PC model have recently been shown to closely approximate backpropagation. This finding suggests that this gradient-based PC model may be useful for understanding how the brain solves the credit assignment problem. The model may also be useful for developing local learning algorithms that are compatible with neuromorphic hardware. In this paper, we modify this PC model so that it better fits biological constraints, including the constraints that neurons can only have positive firing rates and the constraint that synapses only flow in one direction. We also compute the gradient-based weight and activity updates given the modified activity values. We show that, under certain conditions, these modified PC networks perform as well or nearly as well on MNIST data as the unmodified PC model and networks trained with backpropagation."
pc-learning,1910.12151,2019,Making Predictive Coding Networks Generative,"Predictive coding (PC) networks are a biologically interesting class of neural networks. Their layered hierarchy mimics the reciprocal connectivity pattern observed in the mammalian cortex, and they can be trained using local learning rules that approximate backpropagation [Bogacz, 2017]. However, despite having feedback connections that enable information to flow down the network hierarchy, discriminative PC networks are not generative. Clamping the output class and running the network to equilibrium yields an input sample that typically does not resemble the training input. This paper studies this phenomenon, and proposes a simple solution that promotes the generation of input samples that resemble the training inputs. Simple decay, a technique already in wide use in neural networks, pushes the PC network toward a unique minimum 2-norm solution, and that unique solution provably (for linear networks) matches the training inputs. The method also vastly improves the samples generated for nonlinear networks, as we demonstrate on MNIST."
pc-learning,2406.14723,2024,Online Training of Hopfield Networks using Predictive Coding,"Neuroscience and Artificial Intelligence (AI) have progressed in tandem, each contributing to our understanding of the brain, and inspiring recent developments in biologically-plausible neural networks (NNs) and learning rules. Predictive coding (PC), and its learning rule, have been shown to approximate error backpropagation in a biologically relevant manner, with local weight updates that depend only on the activity of the pre- and post-synaptic neurons. Unlike traditional feedforward NNs where the flow of information goes in one direction, PC models mimic the brain more accurately by passing information bidirectionally: prediction in one direction, and correction/error in the other. PC models learn by clamping some neurons to target values and running the network to equilibrium. At equilibrium, the network calculates its own error gradients right at the location where they are used for weight updates. Traditional backprop requires the computation graph to be feedforward. However, the PC version of backprop does not have this requirement. Amazingly, no one has demonstrated the application of PC learning directly to recurrent neural networks (RNNs). Hopfield networks (HNs) are RNNs that implement a content-addressable memory, learning patterns (or ``memories'') that can be retrieved from partial or corrupted patterns. In this paper, we show that a HN can be trained using the PC learning rules without modification. To our knowledge, this is the first time PC learning has been applied directly to train a RNN, without the need to unroll it in time. Our results indicate that the PC-trained HNs behave like classical HNs."
pc-learning,2603.18066,2026,A Synthesizable RTL Implementation of Predictive Coding Networks,"Backpropagation has enabled modern deep learning but is difficult to realize as an online, fully distributed hardware learning system due to global error propagation, phase separation, and heavy reliance on centralized memory. Predictive coding offers an alternative in which inference and learning arise from local prediction-error dynamics between adjacent layers. This paper presents a digital architecture that implements a discrete-time predictive coding update directly in hardware. Each neural core maintains its own activity, prediction error, and synaptic weights, and communicates only with adjacent layers through hardwired connections. Supervised learning and inference are supported via a uniform per-neuron clamping primitive that enforces boundary conditions while leaving the internal update schedule unchanged. The design is a deterministic, synthesizable RTL substrate built around a sequential MAC datapath and a fixed finite-state schedule. Rather than executing a task-specific instruction sequence inside the learning substrate, the system evolves under fixed local update rules, with task structure imposed through connectivity, parameters, and boundary conditions. The contribution of this work is not a new learning rule, but a complete synthesizable digital substrate that executes predictive-coding learning dynamics directly in hardware."
pc-learning,2106.13082,2021,On the relationship between predictive coding and backpropagation,"Artificial neural networks are often interpreted as abstract models of biological neuronal networks, but they are typically trained using the biologically unrealistic backpropagation algorithm and its variants. Predictive coding has been proposed as a potentially more biologically realistic alternative to backpropagation for training neural networks. This manuscript reviews and extends recent work on the mathematical relationship between predictive coding and backpropagation for training feedforward artificial neural networks on supervised learning tasks. Implications of these results for the interpretation of predictive coding and deep neural networks as models of biological learning are discussed along with a repository of functions, Torch2PC, for performing predictive coding with PyTorch neural network models."
pc-learning,2505.14635,2025,Bridging Predictive Coding and MDL: A Two-Part Code Framework for Deep Learning,"We present the first theoretical framework that connects predictive coding (PC), a biologically inspired local learning rule, with the minimum description length (MDL) principle in deep networks. We prove that layerwise PC performs block-coordinate descent on the MDL two-part code objective, thereby jointly minimizing empirical risk and model complexity. Using Hoeffding's inequality and a prefix-code prior, we derive a novel generalization bound of the form $R(θ) \le \hat{R}(θ) + \frac{L(θ)}{N}$, capturing the tradeoff between fit and compression. We further prove that each PC sweep monotonically decreases the empirical two-part codelength, yielding tighter high-probability risk bounds than unconstrained gradient descent. Finally, we show that repeated PC updates converge to a block-coordinate stationary point, providing an approximate MDL-optimal solution. To our knowledge, this is the first result offering formal generalization and convergence guarantees for PC-trained deep models, positioning PC as a theoretically grounded and biologically plausible alternative to backpropagation."
pc-learning,2605.02675,2026,Online Generalised Predictive Coding,"This paper introduces an extension of generalised filtering for online applications. Generalised filtering refers to data assimilation schemes that jointly infer latent states, learn unknown model parameters, and estimate uncertainty in an integrated framework -- e.g., estimate state and observation noise -- at the same time (i.e., triple estimation). This framework appears across disciplines under different names, including variational Kalman-Bucy filtering in engineering, generalised predictive coding in neuroscience, and Dynamic Expectation Maximisation (DEM) in time-series analysis. Here, we specialise DEM for ``online'' data assimilation, through a separation of temporal scales. We describe the variational principles and procedures that allow one to assimilate data in a way that allows for a slow updating of parameters and precisions, which contextualise fast Bayesian belief updating about the dynamic hidden states. Using numerical studies, we demonstrate the validity of online DEM (ODEM) using a non-linear -- and potentially chaotic -- generative model, to show that the ODEM scheme can track the latent states of the generative process, even when its functional form differs fundamentally from the dynamics of the generative model. Framed from a neuro-mimetic predictive coding perspective, ODEM offers a biologically inspired solution to online inference, learning, and uncertainty estimation in dynamic environments."
pc-learning,2305.13562,2023,Understanding and Improving Optimization in Predictive Coding Networks,"Backpropagation (BP), the standard learning algorithm for artificial neural networks, is often considered biologically implausible. In contrast, the standard learning algorithm for predictive coding (PC) models in neuroscience, known as the inference learning algorithm (IL), is a promising, bio-plausible alternative. However, several challenges and questions hinder IL's application to real-world problems. For example, IL is computationally demanding, and without memory-intensive optimizers like Adam, IL may converge to poor local minima. Moreover, although IL can reduce loss more quickly than BP, the reasons for these speedups or their robustness remains unclear. In this paper, we tackle these challenges by 1) altering the standard implementation of PC circuits to substantially reduce computation, 2) developing a novel optimizer that improves the convergence of IL without increasing memory usage, and 3) establishing theoretical results that help elucidate the conditions under which IL is sensitive to second and higher-order information."
pc-learning,2103.03725,2021,Predictive Coding Can Do Exact Backpropagation on Convolutional and Recurrent Neural Networks,"Predictive coding networks (PCNs) are an influential model for information processing in the brain. They have appealing theoretical interpretations and offer a single mechanism that accounts for diverse perceptual phenomena of the brain. On the other hand, backpropagation (BP) is commonly regarded to be the most successful learning method in modern machine learning. Thus, it is exciting that recent work formulates inference learning (IL) that trains PCNs to approximate BP. However, there are several remaining critical issues: (i) IL is an approximation to BP with unrealistic/non-trivial requirements, (ii) IL approximates BP in single-step weight updates; whether it leads to the same point as BP after the weight updates are conducted for more steps is unknown, and (iii) IL is computationally significantly more costly than BP. To solve these issues, a variant of IL that is strictly equivalent to BP in fully connected networks has been proposed. In this work, we build on this result by showing that it also holds for more complex architectures, namely, convolutional neural networks and (many-to-one) recurrent neural networks. To our knowledge, we are the first to show that a biologically plausible algorithm is able to exactly replicate the accuracy of BP on such complex architectures, bridging the existing gap between IL and BP, and setting an unprecedented performance for PCNs, which can now be considered as efficient alternatives to BP."
pc-learning,2103.04689,2021,Reverse Differentiation via Predictive Coding,"Deep learning has redefined the field of artificial intelligence (AI) thanks to the rise of artificial neural networks, which are architectures inspired by their neurological counterpart in the brain. Through the years, this dualism between AI and neuroscience has brought immense benefits to both fields, allowing neural networks to be used in dozens of applications. These networks use an efficient implementation of reverse differentiation, called backpropagation (BP). This algorithm, however, is often criticized for its biological implausibility (e.g., lack of local update rules for the parameters). Therefore, biologically plausible learning methods that rely on predictive coding (PC), a framework for describing information processing in the brain, are increasingly studied. Recent works prove that these methods can approximate BP up to a certain margin on multilayer perceptrons (MLPs), and asymptotically on any other complex model, and that zero-divergence inference learning (Z-IL), a variant of PC, is able to exactly implement BP on MLPs. However, the recent literature shows also that there is no biologically plausible method yet that can exactly replicate the weight update of BP on complex models. To fill this gap, in this paper, we generalize (PC and) Z-IL by directly defining them on computational graphs, and show that it can perform exact reverse differentiation. What results is the first biologically plausible algorithm that is equivalent to BP in the way of updating parameters on any neural network, providing a bridge between the interdisciplinary research of neuroscience and deep learning."
pc-neuro,2205.05303,2022,Dendritic predictive coding: A theory of cortical computation with spiking neurons,"Top-down feedback in cortex is critical for guiding sensory processing, which has prominently been formalized in the theory of hierarchical predictive coding (hPC). However, experimental evidence for error units, which are central to the theory, is inconclusive, and it remains unclear how hPC can be implemented with spiking neurons. To address this, we connect hPC to existing work on efficient coding in balanced networks with lateral inhibition, and predictive computation at apical dendrites. Together, this work points to an efficient implementation of hPC with spiking neurons, where prediction errors are computed not in separate units, but locally in dendritic compartments. The implied model shows a remarkable correspondence to experimentally observed cortical connectivity patterns, plasticity and dynamics, and at the same time can explain hallmarks of predictive processing, such as mismatch responses, in cortex. We thus propose dendritic predictive coding as one of the main organizational principles of cortex."
pc-neuro,2210.15752,2022,Constrained Predictive Coding as a Biologically Plausible Model of the Cortical Hierarchy,"Predictive coding has emerged as an influential normative model of neural computation, with numerous extensions and applications. As such, much effort has been put into mapping PC faithfully onto the cortex, but there are issues that remain unresolved or controversial. In particular, current implementations often involve separate value and error neurons and require symmetric forward and backward weights across different brain regions. These features have not been experimentally confirmed. In this work, we show that the PC framework in the linear regime can be modified to map faithfully onto the cortical hierarchy in a manner compatible with empirical observations. By employing a disentangling-inspired constraint on hidden-layer neural activities, we derive an upper bound for the PC objective. Optimization of this upper bound leads to an algorithm that shows the same performance as the original objective and maps onto a biologically plausible network. The units of this network can be interpreted as multi-compartmental neurons with non-Hebbian learning rules, with a remarkable resemblance to recent experimental findings. There exist prior models which also capture these features, but they are phenomenological, while our work is a normative derivation. The network we derive does not involve one-to-one connectivity or signal multiplexing, which the phenomenological models required, indicating that these features are not necessary for learning in the cortex. The normative nature of our algorithm in the simplified linear case allows us to prove interesting properties of the framework and analytically understand the computational role of our network's components. The parameters of our network have natural interpretations as physiological quantities in a multi-compartmental model of pyramidal neurons, providing a concrete link between PC and experimental measurements carried out in the cortex."
pc-neuro,1102.2739,2011,"A General Framework for Development of the Cortex-like Visual Object Recognition System: Waves of Spikes, Predictive Coding and Universal Dictionary of Features","This study is focused on the development of the cortex-like visual object recognition system. We propose a general framework, which consists of three hierarchical levels (modules). These modules functionally correspond to the V1, V4 and IT areas. Both bottom-up and top-down connections between the hierarchical levels V4 and IT are employed. The higher the degree of matching between the input and the preferred stimulus, the shorter the response time of the neuron. Therefore information about a single stimulus is distributed in time and is transmitted by the waves of spikes. The reciprocal connections and waves of spikes implement predictive coding: an initial hypothesis is generated on the basis of information delivered by the first wave of spikes and is tested with the information carried by the consecutive waves. The development is considered as extraction and accumulation of features in V4 and objects in IT. Once stored a feature can be disposed, if rarely activated. This cause update of feature repository. Consequently, objects in IT are also updated. This illustrates the growing process and dynamical change of topological structures of V4, IT and connections between these areas."
pc-neuro,2409.05386,2024,Predictive Coding with Spiking Neural Networks: a Survey,"In this article, we review a class of neuro-mimetic computational models that we place under the label of spiking predictive coding. Specifically, we review the general framework of predictive processing in the context of neurons that emit discrete action potentials, i.e., spikes. Theoretically, we structure our survey around how prediction errors are represented, which results in an organization of historical neuromorphic generalizations that is centered around three broad classes of approaches: prediction errors in explicit groups of error neurons, in membrane potentials, and implicit prediction error encoding. Furthermore, we examine some applications of spiking predictive coding that utilize more energy-efficient, edge-computing hardware platforms. Finally, we highlight important future directions and challenges in this emerging line of inquiry in brain-inspired computing. Building on the prior results of work in computational cognitive neuroscience, machine intelligence, and neuromorphic engineering, we hope that this review of neuromorphic formulations and implementations of predictive coding will encourage and guide future research and development in this emerging research area."
pc-neuro,1908.08655,2019,Spiking Neural Predictive Coding for Continual Learning from Data Streams,"For energy-efficient computation in specialized neuromorphic hardware, we present spiking neural coding, an instantiation of a family of artificial neural models grounded in the theory of predictive coding. This model, the first of its kind, works by operating in a never-ending process of ""guess-and-check"", where neurons predict the activity values of one another and then adjust their own activities to make better future predictions. The interactive, iterative nature of our system fits well into the continuous time formulation of sensory stream prediction and, as we show, the model's structure yields a local synaptic update rule, which can be used to complement or as an alternative to online spike-timing dependent plasticity. In this article, we experiment with an instantiation of our model consisting of leaky integrate-and-fire units. However, the framework within which our system is situated can naturally incorporate more complex neurons such as the Hodgkin-Huxley model. Our experimental results in pattern recognition demonstrate the potential of the model when binary spike trains are the primary paradigm for inter-neuron communication. Notably, spiking neural coding is competitive in terms of classification performance and experiences less forgetting when learning from task sequence, offering a more computationally economical, biologically-plausible alternative to popular artificial neural networks."
pc-neuro,2410.01022,2024,Learning grid cells by predictive coding,"Grid cells in the medial entorhinal cortex (MEC) of the mammalian brain exhibit a strikingly regular hexagonal firing field over space. These cells are learned after birth and are thought to support spatial navigation but also more abstract computations. Although various computational models, including those based on artificial neural networks, have been proposed to explain the formation of grid cells, the process through which the MEC circuit ${\it learns}$ to develop grid cells remains unclear. In this study, we argue that predictive coding, a biologically plausible plasticity rule known to learn visual representations, can also train neural networks to develop hexagonal grid representations from spatial inputs. We demonstrate that grid cells emerge robustly through predictive coding in both static and dynamic environments, and we develop an understanding of this grid cell learning capability by analytically comparing predictive coding with existing models. Our work therefore offers a novel and biologically plausible perspective on the learning mechanisms underlying grid cells. Moreover, it extends the predictive coding theory to the hippocampal formation, suggesting a unified learning algorithm for diverse cortical representations."
pc-neuro,1804.03826,2018,AFA-PredNet: The action modulation within predictive coding,"The predictive processing (PP) hypothesizes that the predictive inference of our sensorimotor system is encoded implicitly in the regularities between perception and action. We propose a neural architecture in which such regularities of active inference are encoded hierarchically. We further suggest that this encoding emerges during the embodied learning process when the appropriate action is selected to minimize the prediction error in perception. Therefore, this predictive stream in the sensorimotor loop is generated in a top-down manner. Specifically, it is constantly modulated by the motor actions and is updated by the bottom-up prediction error signals. In this way, the top-down prediction originally comes from the prior experience from both perception and action representing the higher levels of this hierarchical cognition. In our proposed embodied model, we extend the PredNet Network, a hierarchical predictive coding network, with the motor action units implemented by a multi-layer perceptron network (MLP) to modulate the network top-down prediction. Two experiments, a minimalistic world experiment, and a mobile robot experiment are conducted to evaluate the proposed model in a qualitative way. In the neural representation, it can be observed that the causal inference of predictive percept from motor actions can be also observed while the agent is interacting with the environment."
pc-neuro,2112.03378,2021,Differentiable Generalised Predictive Coding,"This paper deals with differentiable dynamical models congruent with neural process theories that cast brain function as the hierarchical refinement of an internal generative model explaining observations. Our work extends existing implementations of gradient-based predictive coding with automatic differentiation and allows to integrate deep neural networks for non-linear state parameterization. Gradient-based predictive coding optimises inferred states and weights locally in for each layer by optimising precision-weighted prediction errors that propagate from stimuli towards latent states. Predictions flow backwards, from latent states towards lower layers. The model suggested here optimises hierarchical and dynamical predictions of latent states. Hierarchical predictions encode expected content and hierarchical structure. Dynamical predictions capture changes in the encoded content along with higher order derivatives. Hierarchical and dynamical predictions interact and address different aspects of the same latent states. We apply the model to various perception and planning tasks on sequential data and show their mutual dependence. In particular, we demonstrate how learning sampling distances in parallel address meaningful locations data sampled at discrete time steps. We discuss possibilities to relax the assumption of linear hierarchies in favor of more flexible graph structure with emergent properties. We compare the granular structure of the model with canonical microcircuits describing predictive coding in biological networks and review the connection to Markov Blankets as a tool to characterize modularity. A final section sketches out ideas for efficient perception and planning in nested spatio-temporal hierarchies."
pc-neuro,2112.10048,2021,Predictive Coding Theories of Cortical Function,"Predictive coding is a unifying framework for understanding perception, action and neocortical organization. In predictive coding, different areas of the neocortex implement a hierarchical generative model of the world that is learned from sensory inputs. Cortical circuits are hypothesized to perform Bayesian inference based on this generative model. Specifically, the Rao-Ballard hierarchical predictive coding model assumes that the top-down feedback connections from higher to lower order cortical areas convey predictions of lower-level activities. The bottom-up, feedforward connections in turn convey the errors between top-down predictions and actual activities. These errors are used to correct current estimates of the state of the world and generate new predictions. Through the objective of minimizing prediction errors, predictive coding provides a functional explanation for a wide range of neural responses and many aspects of brain organization."
pc-neuro,2608.00492,2026,The Bayesian Reflex: A Predictive Coding Engine for Artificial Intelligence,"Predictive coding offers a powerful theory of cortical computation, but corresponding scalable algorithmic implementations for artificial intelligence have remained elusive. This paper introduces the Bayesian reflex, a computational framework that directly instantiates predictive coding through three pillars: belief maintenance via hierarchical generative models, sequential Bayesian updating via prediction-error minimization, and uncertainty-driven action via active inference. We show that recent breakthroughs---ellipsoidal decomposition for exact $i.i.d.$ sampling, recursive Gaussian processes for deep hierarchical inference, and derivative-aware Bayesian optimization---provide the missing algorithmic ingredients. The resulting framework enables mathematically principled, scalable, and brain-inspired continual learning, perception, and decision-making. We illustrate its versatility through applications ranging from climate model evaluation to prime number discovery, offering a blueprint for truly adaptive artificial intelligence."
pc-neuro,2210.16587,2022,Relating Human Perception of Musicality to Prediction in a Predictive Coding Model,"We explore the use of a neural network inspired by predictive coding for modeling human music perception. This network was developed based on the computational neuroscience theory of recurrent interactions in the hierarchical visual cortex. When trained with video data using self-supervised learning, the model manifests behaviors consistent with human visual illusions. Here, we adapt this network to model the hierarchical auditory system and investigate whether it will make similar choices to humans regarding the musicality of a set of random pitch sequences. When the model is trained with a large corpus of instrumental classical music and popular melodies rendered as mel spectrograms, it exhibits greater prediction errors for random pitch sequences that are rated less musical by human subjects. We found that the prediction error depends on the amount of information regarding the subsequent note, the pitch interval, and the temporal context. Our findings suggest that predictability is correlated with human perception of musicality and that a predictive coding neural network trained on music can be used to characterize the features and motifs contributing to human perception of music."
pc-neuro,2605.20293,2026,Closed-form predictive coding via hierarchical Gaussian filters,"Predictive coding (PC) offers a local and biologically grounded alternative to backpropagation in the training of artificial neural networks, yet to date, it remains slower, and performance degrades sharply as network depth increases. We trace both problems to a single simplification: current PC networks fix the precision matrix to the identity, discarding precision-weighted prediction errors that the variational derivation requires to be fast, local, and Bayesian. We close this gap by expressing predictive coding networks as deep hierarchical Gaussian filters (HGFs) and restore precision-weighted message passing, yielding dynamic uncertainty estimates and Hebbian-compatible update rules at every layer. The resulting networks can simultaneously learn activations, weights, and precisions under a single free-energy objective, with no global error signal, and resolve inference without requiring iterations or automatic differentiation. On FashionMNIST, our solution approaches backpropagation in epoch-level wall-clock cost while converging in fewer epochs, and outperforms it on online, data efficiency, and concept-drift tasks. We thus establish that closed-form variational inference with online precision learning provides a tractable foundation for deep predictive coding networks, retaining biological and interpretative advantages, without requiring iterative relaxation or global error signals."
state-estimation,1703.02310,2017,Deep Robust Kalman Filter,"A Robust Markov Decision Process (RMDP) is a sequential decision making model that accounts for uncertainty in the parameters of dynamic systems. This uncertainty introduces difficulties in learning an optimal policy, especially for environments with large state spaces. We propose two algorithms, RTD-DQN and Deep-RoK, for solving large-scale RMDPs using nonlinear approximation schemes such as deep neural networks. The RTD-DQN algorithm incorporates the robust Bellman temporal difference error into a robust loss function, yielding robust policies for the agent. The Deep-RoK algorithm is a robust Bayesian method, based on the Extended Kalman Filter (EKF), that accounts for both the uncertainty in the weights of the approximated value function and the uncertainty in the transition probabilities, improving the robustness of the agent. We provide theoretical results for our approach and test the proposed algorithms on a continuous state domain."
state-estimation,2102.10021,2021,Neural Kalman Filtering,"The Kalman filter is a fundamental filtering algorithm that fuses noisy sensory data, a previous state estimate, and a dynamics model to produce a principled estimate of the current state. It assumes, and is optimal for, linear models and white Gaussian noise. Due to its relative simplicity and general effectiveness, the Kalman filter is widely used in engineering applications. Since many sensory problems the brain faces are, at their core, filtering problems, it is possible that the brain possesses neural circuitry that implements equivalent computations to the Kalman filter. The standard approach to Kalman filtering requires complex matrix computations that are unlikely to be directly implementable in neural circuits. In this paper, we show that a gradient-descent approximation to the Kalman filter requires only local computations with variance weighted prediction errors. Moreover, we show that it is possible under the same scheme to adaptively learn the dynamics model with a learning rule that corresponds directly to Hebbian plasticity. We demonstrate the performance of our method on a simple Kalman filtering task, and propose a neural implementation of the required equations."
state-estimation,2503.05490,2025,Adaptive Neural Unscented Kalman Filter,"The unscented Kalman filter is an algorithm capable of handling nonlinear scenarios. Uncertainty in process noise covariance may decrease the filter estimation performance or even lead to its divergence. Therefore, it is important to adjust the process noise covariance matrix in real time. In this paper, we developed an adaptive neural unscented Kalman filter to cope with time-varying uncertainties during platform operation. To this end, we devised ProcessNet, a simple yet efficient end-to-end regression network to adaptively estimate the process noise covariance matrix. We focused on the nonlinear inertial sensor and Doppler velocity log fusion problem in the case of autonomous underwater vehicle navigation. Using a real-world recorded dataset from an autonomous underwater vehicle, we demonstrated our filter performance and showed its advantages over other adaptive and non-adaptive nonlinear filters."
state-estimation,1207.4592,2012,Differentially Private Kalman Filtering,"This paper studies the H2 (Kalman) filtering problem in the situation where a signal estimate must be constructed based on inputs from individual participants, whose data must remain private. This problem arises in emerging applications such as smart grids or intelligent transportation systems, where users continuously send data to third-party aggregators performing global monitoring or control tasks, and require guarantees that this data cannot be used to infer additional personal information. To provide strong formal privacy guarantees against adversaries with arbitrary side information, we rely on the notion of differential privacy introduced relatively recently in the database literature. This notion is extended to dynamic systems with many participants contributing independent input signals, and mechanisms are then proposed to solve the H2 filtering problem with a differential privacy constraint. A method for mitigating the impact of the privacy-inducing mechanism on the estimation performance is described, which relies on controlling the Hinfinity norm of the filter. Finally, we discuss an application to a privacy-preserving traffic monitoring system."
state-estimation,2509.07474,2025,DKFNet: Differentiable Kalman Filter for Field Inversion and Machine Learning,"The Kalman filter is a fundamental tool for state estimation in dynamical systems. While originally developed for linear Gaussian settings, it has been extended to nonlinear problems through approaches such as the extended and unscented Kalman filters. Despite its broad use, a persistent limitation is that the underlying approximate model is fixed, which can lead to significant deviations from the true system dynamics. To address this limitation, we introduce the differentiable Kalman filter (DKF), an adjoint-based two-level optimization framework designed to reduce the mismatch between approximate and true dynamics. Within this framework, a field inversion step first uncovers the discrepancy, after which a closure model is trained to capture the discovered dynamics, allowing the filter to adapt flexibly and scale efficiently. We illustrate the capabilities of the DKF using two representative examples: a rocket dynamics model and the Allen-Cahn boundary value problem. In both cases, and across a range of noise levels, the DKF consistently reduces state reconstruction error by at least 90% compared to the classical Kalman filter, while also maintaining robust uncertainty quantification. These results demonstrate that the DKF not only improves estimation accuracy by large margins but also enhances interpretability and scalability, offering a principled pathway for combining data assimilation with modern machine learning."
state-estimation,2403.19736,2024,Physics-Informed Neural Networks for Satellite State Estimation,"The Space Domain Awareness (SDA) community routinely tracks satellites in orbit by fitting an orbital state to observations made by the Space Surveillance Network (SSN). In order to fit such orbits, an accurate model of the forces that are acting on the satellite is required. Over the past several decades, high-quality, physics-based models have been developed for satellite state estimation and propagation. These models are exceedingly good at estimating and propagating orbital states for non-maneuvering satellites; however, there are several classes of anomalous accelerations that a satellite might experience which are not well-modeled, such as satellites that use low-thrust electric propulsion to modify their orbit. Physics-Informed Neural Networks (PINNs) are a valuable tool for these classes of satellites as they combine physics models with Deep Neural Networks (DNNs), which are highly expressive and versatile function approximators. By combining a physics model with a DNN, the machine learning model need not learn astrodynamics, which results in more efficient and effective utilization of machine learning resources. This paper details the application of PINNs to estimate the orbital state and a continuous, low-amplitude anomalous acceleration profile for satellites. The PINN is trained to learn the unknown acceleration by minimizing the mean square error of observations. We evaluate the performance of pure physics models with PINNs in terms of their observation residuals and their propagation accuracy beyond the fit span of the observations. For a two-day simulation of a GEO satellite using an unmodeled acceleration profile on the order of $10^{-8} \text{ km/s}^2$, the PINN outperformed the best-fit physics model by orders of magnitude for both observation residuals (123 arcsec vs 1.00 arcsec) as well as propagation accuracy (3860 km vs 164 km after five days)."
state-estimation,2511.01855,2025,Coordinate ascent neural Kalman-MLE for state estimation,"This paper presents a coordinate ascent algorithm to learn dynamic and measurement models in dynamic state estimation using maximum likelihood estimation in a supervised manner. In particular, the dynamic and measurement models are assumed to be Gaussian and the algorithm learns the neural network parameters that model the dynamic and measurement functions, and also the noise covariance matrices. The trained dynamic and measurement models are then used with a non-linear Kalman filter algorithm to estimate the state during the testing phase."
state-estimation,1811.06654,2018,Neural network state estimation for full quantum state tomography,"An efficient state estimation model, neural network estimation (NNE), empowered by machine learning techniques, is presented for full quantum state tomography (FQST). A parameterized function based on neural network is applied to map the measurement outcomes to the estimated quantum states. Parameters are updated with supervised learning procedures. From the computational complexity perspective our algorithm is the most efficient one among existing state estimation algorithms for full quantum state tomography. We perform numerical tests to prove both the accuracy and scalability of our model."
state-estimation,1903.09669,2019,Physics-Aware Neural Networks for Distribution System State Estimation,"The distribution system state estimation problem seeks to determine the network state from available measurements. Widely used Gauss-Newton approaches are very sensitive to the initialization and often not suitable for real-time estimation. Learning approaches are very promising for real-time estimation, as they shift the computational burden to an offline training stage. Prior machine learning approaches to power system state estimation have been electrical model-agnostic, in that they did not exploit the topology and physical laws governing the power grid to design the architecture of the learning model. In this paper, we propose a novel learning model that utilizes the structure of the power grid. The proposed neural network architecture reduces the number of coefficients needed to parameterize the mapping from the measurements to the network state by exploiting the separability of the estimation problem. This prevents overfitting and reduces the complexity of the training stage. We also propose a greedy algorithm for phasor measuring units placement that aims at minimizing the complexity of the neural network required for realizing the state estimation mapping. Simulation results show superior performance of the proposed method over the Gauss-Newton approach."
state-estimation,2410.15982,2024,State Estimation Using Sparse DEIM and Recurrent Neural Networks,"Sparse Discrete Empirical Interpolation Method (S-DEIM) was recently proposed for state estimation in dynamical systems when only a sparse subset of the state variables can be observed. The S-DEIM estimate involves a kernel vector whose optimal value is inferred through a data assimilation algorithm. This data assimilation step suffers from two drawbacks: (i) It requires the knowledge of the governing equations of the dynamical system, and (ii) It is not generally guaranteed to converge to the optimal kernel vector. To address these issues, here we introduce an equation-free S-DEIM framework that estimates the optimal kernel vector from sparse observational time series using recurrent neural networks (RNNs). We show that the recurrent architecture is necessary since the kernel vector cannot be estimated from instantaneous observations. But RNNs, which incorporate the past history of the observations in the learning process, lead to nearly optimal estimations. We demonstrate the efficacy of our method on three numerical examples with increasing degree of spatiotemporal complexity: a conceptual model of atmospheric flow known as the Lorenz-96 system, the Kuramoto-Sivashinsky equation, and the Rayleigh-Benard convection. In each case, the resulting S-DEIM estimates are satisfactory even when a relatively simple RNN architecture, namely the reservoir computing network, is used. More specifically, our RNN-based S-DEIM state estimations reduce the relative error between 42% and 58% when compared to Q-DEIM which ignores the kernel vector by setting it equal to zero."
state-estimation,2312.17738,2023,Physics-informed Graphical Neural Network for Power System State Estimation,"State estimation is highly critical for accurately observing the dynamic behavior of the power grids and minimizing risks from cyber threats. However, existing state estimation methods encounter challenges in accurately capturing power system dynamics, primarily because of limitations in encoding the grid topology and sparse measurements. This paper proposes a physics-informed graphical learning state estimation method to address these limitations by leveraging both domain physical knowledge and a graph neural network (GNN). We employ a GNN architecture that can handle the graph-structured data of power systems more effectively than traditional data-driven methods. The physics-based knowledge is constructed from the branch current formulation, making the approach adaptable to both transmission and distribution systems. The validation results of three IEEE test systems show that the proposed method can achieve lower mean square error more than 20% than the conventional methods."
latent-generative,2201.01353,2022,Linear Variational State-Space Filtering,"We introduce Variational State-Space Filters (VSSF), a new method for unsupervised learning, identification, and filtering of latent Markov state space models from raw pixels. We present a theoretically sound framework for latent state space inference under heterogeneous sensor configurations. The resulting model can integrate an arbitrary subset of the sensor measurements used during training, enabling the learning of semi-supervised state representations, thus enforcing that certain components of the learned latent state space to agree with interpretable measurements. From this framework we derive L-VSSF, an explicit instantiation of this model with linear latent dynamics and Gaussian distribution parameterizations. We experimentally demonstrate L-VSSF's ability to filter in latent space beyond the sequence length of the training dataset across several different test environments."
latent-generative,1511.07367,2015,Black box variational inference for state space models,"Latent variable time-series models are among the most heavily used tools from machine learning and applied statistics. These models have the advantage of learning latent structure both from noisy observations and from the temporal ordering in the data, where it is assumed that meaningful correlation structure exists across time. A few highly-structured models, such as the linear dynamical system with linear-Gaussian observations, have closed-form inference procedures (e.g. the Kalman Filter), but this case is an exception to the general rule that exact posterior inference in more complex generative models is intractable. Consequently, much work in time-series modeling focuses on approximate inference procedures for one particular class of models. Here, we extend recent developments in stochastic variational inference to develop a `black-box' approximate inference technique for latent variable models with latent dynamical structure. We propose a structured Gaussian variational approximate posterior that carries the same intuition as the standard Kalman filter-smoother but, importantly, permits us to use the same inference approach to approximate the posterior of much more general, nonlinear latent variable generative models. We show that our approach recovers accurate estimates in the case of basic models with closed-form posteriors, and more interestingly performs well in comparison to variational approaches that were designed in a bespoke fashion for specific non-conjugate models."
latent-generative,2404.11117,2024,Variational quantization for state space models,"Forecasting tasks using large datasets gathering thousands of heterogeneous time series is a crucial statistical problem in numerous sectors. The main challenge is to model a rich variety of time series, leverage any available external signals and provide sharp predictions with statistical guarantees. In this work, we propose a new forecasting model that combines discrete state space hidden Markov models with recent neural network architectures and training procedures inspired by vector quantized variational autoencoders. We introduce a variational discrete posterior distribution of the latent states given the observations and a two-stage training procedure to alternatively train the parameters of the latent states and of the emission distributions. By learning a collection of emission laws and temporarily activating them depending on the hidden process dynamics, the proposed method allows to explore large datasets and leverage available external signals. We assess the performance of the proposed method using several datasets and show that it outperforms other state-of-the-art solutions."
latent-generative,1910.06205,2019,Variational Tracking and Prediction with Generative Disentangled State-Space Models,"We address tracking and prediction of multiple moving objects in visual data streams as inference and sampling in a disentangled latent state-space model. By encoding objects separately and including explicit position information in the latent state space, we perform tracking via amortized variational Bayesian inference of the respective latent positions. Inference is implemented in a modular neural framework tailored towards our disentangled latent space. Generative and inference model are jointly learned from observations only. Comparing to related prior work, we empirically show that our Markovian state-space assumption enables faithful and much improved long-term prediction well beyond the training horizon. Further, our inference model correctly decomposes frames into objects, even in the presence of occlusions. Tracking performance is increased significantly over prior art."
latent-generative,1906.09535,2019,Variational Sequential Labelers for Semi-Supervised Learning,"We introduce a family of multitask variational methods for semi-supervised sequence labeling. Our model family consists of a latent-variable generative model and a discriminative labeler. The generative models use latent variables to define the conditional probability of a word given its context, drawing inspiration from word prediction objectives commonly used in learning word embeddings. The labeler helps inject discriminative information into the latent space. We explore several latent variable configurations, including ones with hierarchical structure, which enables the model to account for both label-specific and word-specific information. Our models consistently outperform standard sequential baselines on 8 sequence labeling datasets, and improve further with unlabeled data."
latent-generative,2312.12616,2023,Online Variational Sequential Monte Carlo,"Being the most classical generative model for serial data, state-space models (SSM) are fundamental in AI and statistical machine learning. In SSM, any form of parameter learning or latent state inference typically involves the computation of complex latent-state posteriors. In this work, we build upon the variational sequential Monte Carlo (VSMC) method, which provides computationally efficient and accurate model parameter estimation and Bayesian latent-state inference by combining particle methods and variational inference. While standard VSMC operates in the offline mode, by re-processing repeatedly a given batch of data, we distribute the approximation of the gradient of the VSMC surrogate ELBO in time using stochastic approximation, allowing for online learning in the presence of streams of data. This results in an algorithm, online VSMC, that is capable of performing efficiently, entirely on-the-fly, both parameter estimation and particle proposal adaptation. In addition, we provide rigorous theoretical results describing the algorithm's convergence properties as the number of data tends to infinity as well as numerical illustrations of its excellent convergence properties and usefulness also in batch-processing settings."
particle,2312.05955,2023,Learning Differentiable Particle Filter on the Fly,"Differentiable particle filters are an emerging class of sequential Bayesian inference techniques that use neural networks to construct components in state space models. Existing approaches are mostly based on offline supervised training strategies. This leads to the delay of the model deployment and the obtained filters are susceptible to distribution shift of test-time data. In this paper, we propose an online learning framework for differentiable particle filters so that model parameters can be updated as data arrive. The technical constraint is that there is no known ground truth state information in the online inference setting. We address this by adopting an unsupervised loss to construct the online model updating procedure, which involves a sequence of filtering operations for online maximum likelihood-based parameter estimation. We empirically evaluate the effectiveness of the proposed method, and compare it with supervised learning methods in simulation settings including a multivariate linear Gaussian state-space model and a simulated object tracking experiment."
particle,2405.04865,2024,Regime Learning for Differentiable Particle Filters,"Differentiable particle filters are an emerging class of models that combine sequential Monte Carlo techniques with the flexibility of neural networks to perform state space inference. This paper concerns the case where the system may switch between a finite set of state-space models, i.e. regimes. No prior approaches effectively learn both the individual regimes and the switching process simultaneously. In this paper, we propose the neural network based regime learning differentiable particle filter (RLPF) to address this problem. We further design a training procedure for the RLPF and other related algorithms. We demonstrate competitive performance compared to the previous state-of-the-art algorithms on a pair of numerical experiments."
particle,1508.06818,2015,The Neural Particle Filter,"The robust estimation of dynamically changing features, such as the position of prey, is one of the hallmarks of perception. On an abstract, algorithmic level, nonlinear Bayesian filtering, i.e. the estimation of temporally changing signals based on the history of observations, provides a mathematical framework for dynamic perception in real time. Since the general, nonlinear filtering problem is analytically intractable, particle filters are considered among the most powerful approaches to approximating the solution numerically. Yet, these algorithms prevalently rely on importance weights, and thus it remains an unresolved question how the brain could implement such an inference strategy with a neuronal population. Here, we propose the Neural Particle Filter (NPF), a weight-less particle filter that can be interpreted as the neuronal dynamics of a recurrently connected neural network that receives feed-forward input from sensory neurons and represents the posterior probability distribution in terms of samples. Specifically, this algorithm bridges the gap between the computational task of online state estimation and an implementation that allows networks of neurons in the brain to perform nonlinear Bayesian filtering. The model captures not only the properties of temporal and multisensory integration according to Bayesian statistics, but also allows online learning with a maximum likelihood approach. With an example from multisensory integration, we demonstrate that the numerical performance of the model is adequate to account for both filtering and identification problems. Due to the weightless approach, our algorithm alleviates the 'curse of dimensionality' and thus outperforms conventional, weighted particle filters in higher dimensions for a limited number of particles."
particle,1905.12885,2019,Particle Filter Recurrent Neural Networks,"Recurrent neural networks (RNNs) have been extraordinarily successful for prediction with sequential data. To tackle highly variable and noisy real-world data, we introduce Particle Filter Recurrent Neural Networks (PF-RNNs), a new RNN family that explicitly models uncertainty in its internal structure: while an RNN relies on a long, deterministic latent state vector, a PF-RNN maintains a latent state distribution, approximated as a set of particles. For effective learning, we provide a fully differentiable particle filter algorithm that updates the PF-RNN latent state distribution according to the Bayes rule. Experiments demonstrate that the proposed PF-RNNs outperform the corresponding standard gated RNNs on a synthetic robot localization dataset and 10 real-world sequence prediction datasets for text classification, stock price prediction, etc."
particle,1805.11122,2018,Differentiable Particle Filters: End-to-End Learning with Algorithmic Priors,"We present differentiable particle filters (DPFs): a differentiable implementation of the particle filter algorithm with learnable motion and measurement models. Since DPFs are end-to-end differentiable, we can efficiently train their models by optimizing end-to-end state estimation performance, rather than proxy objectives such as model accuracy. DPFs encode the structure of recursive state estimation with prediction and measurement update that operate on a probability distribution over states. This structure represents an algorithmic prior that improves learning performance in state estimation problems while enabling explainability of the learned model. Our experiments on simulated and real data show substantial benefits from end-to- end learning with algorithmic priors, e.g. reducing error rates by ~80%. Our experiments also show that, unlike long short-term memory networks, DPFs learn localization in a policy-agnostic way and thus greatly improve generalization. Source code is available at https://github.com/tu-rbo/differentiable-particle-filters ."
particle,2011.05748,2020,End-To-End Semi-supervised Learning for Differentiable Particle Filters,"Recent advances in incorporating neural networks into particle filters provide the desired flexibility to apply particle filters in large-scale real-world applications. The dynamic and measurement models in this framework are learnable through the differentiable implementation of particle filters. Past efforts in optimising such models often require the knowledge of true states which can be expensive to obtain or even unavailable in practice. In this paper, in order to reduce the demand for annotated data, we present an end-to-end learning objective based upon the maximisation of a pseudo-likelihood function which can improve the estimation of states when large portion of true states are unknown. We assess performance of the proposed method in state estimation tasks in robotics with simulated and real-world datasets."
particle,1506.03338,2015,Neural Adaptive Sequential Monte Carlo,"Sequential Monte Carlo (SMC), or particle filtering, is a popular class of methods for sampling from an intractable target distribution using a sequence of simpler intermediate distributions. Like other importance sampling-based methods, performance is critically dependent on the proposal distribution: a bad proposal can lead to arbitrarily inaccurate estimates of the target distribution. This paper presents a new method for automatically adapting the proposal using an approximation of the Kullback-Leibler divergence between the true posterior and the proposal distribution. The method is very flexible, applicable to any parameterized proposal distribution and it supports online and batch variants. We use the new framework to adapt powerful proposal distributions with rich parameterizations based upon neural networks leading to Neural Adaptive Sequential Monte Carlo (NASMC). Experiments indicate that NASMC significantly improves inference in a non-linear state space model outperforming adaptive proposal methods including the Extended Kalman and Unscented Particle Filters. Experiments also indicate that improved inference translates into improved parameter learning when NASMC is used as a subroutine of Particle Marginal Metropolis Hastings. Finally we show that NASMC is able to train a latent variable recurrent neural network (LV-RNN) achieving results that compete with the state-of-the-art for polymorphic music modelling. NASMC can be seen as bridging the gap between adaptive SMC methods and the recent work in scalable, black-box variational inference."
particle,2210.15779,2022,Adapting Neural Models with Sequential Monte Carlo Dropout,"The ability to adapt to changing environments and settings is essential for robots acting in dynamic and unstructured environments or working alongside humans with varied abilities or preferences. This work introduces an extremely simple and effective approach to adapting neural models in response to changing settings. We first train a standard network using dropout, which is analogous to learning an ensemble of predictive models or distribution over predictions. At run-time, we use a particle filter to maintain a distribution over dropout masks to adapt the neural model to changing settings in an online manner. Experimental results show improved performance in control problems requiring both online and look-ahead prediction, and showcase the interpretability of the inferred masks in a human behaviour modelling task for drone teleoperation."
particle,2601.21983,2026,Investigating Batch Inference in a Sequential Monte Carlo Framework for Neural Networks,"Bayesian inference allows us to define a posterior distribution over the weights of a generic neural network (NN). Exact posteriors are usually intractable, in which case approximations can be employed. One such approximation - variational inference - is computationally efficient when using mini-batch stochastic gradient descent as subsets of the data are used for likelihood and gradient evaluations, though the approach relies on the selection of a variational distribution which sufficiently matches the form of the posterior. Particle-based methods such as Markov chain Monte Carlo and Sequential Monte Carlo (SMC) do not assume a parametric family for the posterior by typically require higher computational cost. These sampling methods typically use the full-batch of data for likelihood and gradient evaluations, which contributes to this computational expense. We explore several methods of gradually introducing more mini-batches of data (data annealing) into likelihood and gradient evaluations of an SMC sampler. We find that we can achieve up to $6\times$ faster training with minimal loss in accuracy on benchmark image classification problems using NNs."
particle,1909.07031,2019,Multi-person Pose Tracking using Sequential Monte Carlo with Probabilistic Neural Pose Predictor,"It is an effective strategy for the multi-person pose tracking task in videos to employ prediction and pose matching in a frame-by-frame manner. For this type of approach, uncertainty-aware modeling is essential because precise prediction is impossible. However, previous studies have relied on only a single prediction without incorporating uncertainty, which can cause critical tracking errors if the prediction is unreliable. This paper proposes an extension to this approach with Sequential Monte Carlo (SMC). This naturally reformulates the tracking scheme to handle multiple predictions (or hypotheses) of poses, thereby mitigating the negative effect of prediction errors. An important component of SMC, i.e., a proposal distribution, is designed as a probabilistic neural pose predictor, which can propose diverse and plausible hypotheses by incorporating epistemic uncertainty and heteroscedastic aleatoric uncertainty. In addition, a recurrent architecture is introduced to our neural modeling to utilize time-sequence information of poses to manage difficult situations, such as the frequent disappearance and reappearances of poses. Compared to existing baselines, the proposed method achieves a state-of-the-art MOTA score on the PoseTrack2018 validation dataset by reducing approximately 50% of tracking errors from a state-of-the art baseline method."
particle,2505.03797,2025,Utilising Gradient-Based Proposals Within Sequential Monte Carlo Samplers for Training of Partial Bayesian Neural Networks,"Partial Bayesian neural networks (pBNNs) have been shown to perform competitively with fully Bayesian neural networks while only having a subset of the parameters be stochastic. Using sequential Monte Carlo (SMC) samplers as the inference method for pBNNs gives a non-parametric probabilistic estimation of the stochastic parameters, and has shown improved performance over parametric methods. In this paper we introduce a new SMC-based training method for pBNNs by utilising a guided proposal and incorporating gradient-based Markov kernels, which gives us better scalability on high dimensional problems. We show that our new method outperforms the state-of-the-art in terms of predictive performance and optimal loss. We also show that pBNNs scale well with larger batch sizes, resulting in significantly reduced training times and often better performance."
particle,2308.07907,2023,Sequential Monte Carlo with Cross-validated Neural Networks for Complexity of Hyperbolic Black Hole Solutions in 4D,"This paper investigates the self-similar solutions of the Einstein-axion-dilaton configuration from type IIB string theory and the global SL(2,R) symmetry. We consider the Continuous Self Similarity (CSS), where the scale transformation is controlled by an SL(2, R) boost or hyperbolic translation. The solutions stay invariant under the combination of space-time dilation with internal SL(2,R) transformations. We develop a new formalism based on Sequential Monte Carlo (SMC) and artificial neural networks (NNs) to estimate the self-similar solutions to the equations of motion in the hyperbolic class in four dimensions. Due to the complex and highly nonlinear patterns, researchers typically have to use various constraints and numerical approximation methods to estimate the equations of motion; thus, they have to overlook the measurement errors in parameter estimation. Through a Bayesian framework, we incorporate measurement errors into our models to find the solutions to the hyperbolic equations of motion. It is well known that the hyperbolic class suffers from multiple solutions where the critical collapse functions have overlap domains for these solutions. To deal with this complexity, for the first time in literature on the axion-dilaton system, we propose the SMC approach to obtain the multi-modal posterior distributions. Through a probabilistic perspective, we confirm the deterministic $α$ and $β$ solutions available in the literature and determine all possible solutions that may occur due to measurement errors. We finally proposed the penalized Leave-One-Out Cross-validation (LOOCV) to combine the Bayesian NN-based estimates optimally. The approach enables us to determine the optimum weights while dealing with the co-linearity issue in the NN-based estimates and better predict the critical functions corresponding to multiple solutions of the equations of motion."
